模式,值域下限,值域上限,均值,标准差,ROI人体组织均值,ROI人体组织标准差,ROI空腔均值,ROI空腔标准差
CC_*_FFDM,0,4095,654.3592316555039,954.5894272247231,2233.7306826972267,288.41530794075373,111.11206975357082,207.23161351522273
CC_*_CESM,0,4095,998.3967657591945,649.4074799519396,2010.3954565218617,66.33820038927647,640.5539948622546,281.2588642583454
MLO_*_FFDM,0,4095,897.9899737714557,1065.253727948811,2251.5489837511464,268.7443371003601,97.16059750354897,195.20220759825952
MLO_*_CESM,0,4095,1127.2898393947987,717.093254666862,2009.4012011345842,48.50846185928254,599.9417696144055,277.38652433031496
*_*_FFDM,0,4095,775.9927419253539,1018.6635062677035,2244.2704881863906,277.0869313535375,104.73522588560505,201.9419084384523
*_*_CESM,0,4095,1062.6605042155086,687.021508740546,2009.8113418450519,56.55088188916217,621.9852994577499,280.2263045470831
*_*_*,0,4095,919.3587413938029,880.5215318943515,2126.31071827596,231.30211944027587,362.7024259915214,355.6573202414171
